{
  "project_info": {
    "project_number": "1007762633498",
    "firebase_url": "https://sba1-67bcb.firebaseio.com",
    "project_id": "sba1-67bcb",
    "storage_bucket": "sba1-67bcb.appspot.com"
  },
  "client": [
    {
      "client_info": {
        "mobilesdk_app_id": "1:1007762633498:android:e7fe772e07b2615c",
        "android_client_info": {
          "package_name": "com.stocksbuyalerts.alexey.zonetradingalerts"
        }
      },
      "oauth_client": [
        {
          "client_id": "1007762633498-9mo61uupckobt1n38qcvrfem8d7jbcvq.apps.googleusercontent.com",
          "client_type": 3
        }
      ],
      "api_key": [
        {
          "current_key": "AIzaSyCu9Him9iY52Hm1KsznAk49ooXbHISpRAc"
        }
      ],
      "services": {
        "appinvite_service": {
          "other_platform_oauth_client": [
            {
              "client_id": "1007762633498-9mo61uupckobt1n38qcvrfem8d7jbcvq.apps.googleusercontent.com",
              "client_type": 3
            }
          ]
        }
      }
    }
  ],
  "configuration_version": "1"
}